<?xml version="1.0" encoding="utf-8"?>
<helpItems schema="maml" xmlns="http://msh">
  <command:command xmlns:maml="http://schemas.microsoft.com/maml/2004/10" xmlns:command="http://schemas.microsoft.com/maml/dev/command/2004/10" xmlns:dev="http://schemas.microsoft.com/maml/dev/2004/10" xmlns:MSHelp="http://msdn.microsoft.com/mshelp">
    <command:details>
      <command:name>Add-AzureADAdministrativeUnitMember</command:name>
      <command:verb>Add</command:verb>
      <command:noun>AzureADAdministrativeUnitMember</command:noun>
      <maml:description>
        <maml:para>Aggiunge un membro dell'unità amministrativa.</maml:para>
      </maml:description>
    </command:details>
    <maml:description>
      <maml:para>Il cmdlet Add-AzureADAdministrativeUnitMember aggiunge un membro di un'unità amministrativa di Active Directory.</maml:para>
    </maml:description>
    <command:syntax>
      <command:syntaxItem>
        <maml:name>Add-AzureADAdministrativeUnitMember</maml:name>
        <command:parameter required="false" variableLength="true" globbing="false" pipelineInput="False" position="named" aliases="infa">
          <maml:name>InformationAction</maml:name>
          <maml:Description>
            <maml:para>Specifica il modo in cui questo cmdlet risponde a un evento informativo. I valori accettabili per questo parametro sono: * Continue</maml:para>
            <maml:para>* Ignore</maml:para>
            <maml:para>* Inquire</maml:para>
            <maml:para>* SilentlyContinue</maml:para>
            <maml:para>* Stop</maml:para>
            <maml:para>* Suspend</maml:para>
          </maml:Description>
          <command:parameterValue required="true" variableLength="false">ActionPreference</command:parameterValue>
          <dev:type>
            <maml:name>ActionPreference</maml:name>
            <maml:uri/>
          </dev:type>
          <dev:defaultValue>None</dev:defaultValue>
        </command:parameter>
        <command:parameter required="false" variableLength="true" globbing="false" pipelineInput="False" position="named" aliases="iv">
          <maml:name>InformationVariable</maml:name>
          <maml:Description>
            <maml:para>Specifica una variabile in cui archiviare un messaggio relativo a un evento informativo.</maml:para>
          </maml:Description>
          <command:parameterValue required="true" variableLength="false">String</command:parameterValue>
          <dev:type>
            <maml:name>String</maml:name>
            <maml:uri/>
          </dev:type>
          <dev:defaultValue>None</dev:defaultValue>
        </command:parameter>
        <command:parameter required="true" variableLength="true" globbing="false" pipelineInput="True (ByPropertyName, ByValue)" position="named" aliases="none">
          <maml:name>ObjectId</maml:name>
          <maml:Description>
            <maml:para>Specifica l'ID di un'unità amministrativa di Active Directory.</maml:para>
          </maml:Description>
          <command:parameterValue required="true" variableLength="false">String</command:parameterValue>
          <dev:type>
            <maml:name>String</maml:name>
            <maml:uri/>
          </dev:type>
          <dev:defaultValue>None</dev:defaultValue>
        </command:parameter>
        <command:parameter required="true" variableLength="true" globbing="false" pipelineInput="True (ByPropertyName, ByValue)" position="named" aliases="none">
          <maml:name>RefObjectId</maml:name>
          <maml:Description>
            <maml:para>Specifica l'ID univoco dell'oggetto Azure Active Directory specifico che verrà assegnato come proprietario/manager/membro.</maml:para>
          </maml:Description>
          <command:parameterValue required="true" variableLength="false">String</command:parameterValue>
          <dev:type>
            <maml:name>String</maml:name>
            <maml:uri/>
          </dev:type>
          <dev:defaultValue>None</dev:defaultValue>
        </command:parameter>
      </command:syntaxItem>
    </command:syntax>
    <command:parameters>
      <command:parameter required="false" variableLength="true" globbing="false" pipelineInput="False" position="named" aliases="infa">
        <maml:name>InformationAction</maml:name>
        <maml:Description>
          <maml:para>Specifica il modo in cui questo cmdlet risponde a un evento informativo. I valori accettabili per questo parametro sono: * Continue</maml:para>
          <maml:para>* Ignore</maml:para>
          <maml:para>* Inquire</maml:para>
          <maml:para>* SilentlyContinue</maml:para>
          <maml:para>* Stop</maml:para>
          <maml:para>* Suspend</maml:para>
        </maml:Description>
        <command:parameterValue required="true" variableLength="false">ActionPreference</command:parameterValue>
        <dev:type>
          <maml:name>ActionPreference</maml:name>
          <maml:uri/>
        </dev:type>
        <dev:defaultValue>None</dev:defaultValue>
      </command:parameter>
      <command:parameter required="false" variableLength="true" globbing="false" pipelineInput="False" position="named" aliases="iv">
        <maml:name>InformationVariable</maml:name>
        <maml:Description>
          <maml:para>Specifica una variabile in cui archiviare un messaggio relativo a un evento informativo.</maml:para>
        </maml:Description>
        <command:parameterValue required="true" variableLength="false">String</command:parameterValue>
        <dev:type>
          <maml:name>String</maml:name>
          <maml:uri/>
        </dev:type>
        <dev:defaultValue>None</dev:defaultValue>
      </command:parameter>
      <command:parameter required="true" variableLength="true" globbing="false" pipelineInput="True (ByPropertyName, ByValue)" position="named" aliases="none">
        <maml:name>ObjectId</maml:name>
        <maml:Description>
          <maml:para>Specifica l'ID di un'unità amministrativa di Active Directory.</maml:para>
        </maml:Description>
        <command:parameterValue required="true" variableLength="false">String</command:parameterValue>
        <dev:type>
          <maml:name>String</maml:name>
          <maml:uri/>
        </dev:type>
        <dev:defaultValue>None</dev:defaultValue>
      </command:parameter>
      <command:parameter required="true" variableLength="true" globbing="false" pipelineInput="True (ByPropertyName, ByValue)" position="named" aliases="none">
        <maml:name>RefObjectId</maml:name>
        <maml:Description>
          <maml:para>Specifica l'ID univoco dell'oggetto Azure Active Directory specifico che verrà assegnato come proprietario/manager/membro.</maml:para>
        </maml:Description>
        <command:parameterValue required="true" variableLength="false">String</command:parameterValue>
        <dev:type>
          <maml:name>String</maml:name>
          <maml:uri/>
        </dev:type>
        <dev:defaultValue>None</dev:defaultValue>
      </command:parameter>
    </command:parameters>
    <command:inputTypes/>
    <command:returnValues/>
    <maml:alertSet>
      <maml:alert>
        <maml:para></maml:para>
      </maml:alert>
    </maml:alertSet>
    <command:examples/>
    <command:relatedLinks>
      <maml:navigationLink>
        <maml:linkText>Get-AzureADAdministrativeUnitMember</maml:linkText>
        <maml:uri></maml:uri>
      </maml:navigationLink>
      <maml:navigationLink>
        <maml:linkText>Remove-AzureADAdministrativeUnitMember</maml:linkText>
        <maml:uri></maml:uri>
      </maml:navigationLink>
    </command:relatedLinks>
  </command:command>
  <command:command xmlns:maml="http://schemas.microsoft.com/maml/2004/10" xmlns:command="http://schemas.microsoft.com/maml/dev/command/2004/10" xmlns:dev="http://schemas.microsoft.com/maml/dev/2004/10" xmlns:MSHelp="http://msdn.microsoft.com/mshelp">
    <command:details>
      <command:name>Add-AzureADScopedRoleMembership</command:name>
      <command:verb>Add</command:verb>
      <command:noun>AzureADScopedRoleMembership</command:noun>
      <maml:description>
        <maml:para>Aggiunge un'appartenenza a un ruolo con ambito a un'unità amministrativa.</maml:para>
      </maml:description>
    </command:details>
    <maml:description>
      <maml:para>Il cmdlet Add-AzureADScopedRoleMembership aggiunge un'appartenenza a un ruolo con ambito a un'unità amministrativa.</maml:para>
    </maml:description>
    <command:syntax>
      <command:syntaxItem>
        <maml:name>Add-AzureADScopedRoleMembership</maml:name>
        <command:parameter required="false" variableLength="true" globbing="false" pipelineInput="False" position="named" aliases="none">
          <maml:name>AdministrativeUnitObjectId</maml:name>
          <maml:Description>
            <maml:para>Specifica l'ID di un'unità amministrativa.</maml:para>
          </maml:Description>
          <command:parameterValue required="true" variableLength="false">String</command:parameterValue>
          <dev:type>
            <maml:name>String</maml:name>
            <maml:uri/>
          </dev:type>
          <dev:defaultValue>None</dev:defaultValue>
        </command:parameter>
        <command:parameter required="true" variableLength="true" globbing="false" pipelineInput="True (ByPropertyName, ByValue)" position="named" aliases="none">
          <maml:name>ObjectId</maml:name>
          <maml:Description>
            <maml:para></maml:para>
          </maml:Description>
          <command:parameterValue required="true" variableLength="false">String</command:parameterValue>
          <dev:type>
            <maml:name>String</maml:name>
            <maml:uri/>
          </dev:type>
          <dev:defaultValue>None</dev:defaultValue>
        </command:parameter>
        <command:parameter required="false" variableLength="true" globbing="false" pipelineInput="False" position="named" aliases="none">
          <maml:name>RoleMemberInfo</maml:name>
          <maml:Description>
            <maml:para>Specifica un oggetto RoleMemberInfo.</maml:para>
          </maml:Description>
          <command:parameterValue required="true" variableLength="false">RoleMemberInfo</command:parameterValue>
          <dev:type>
            <maml:name>RoleMemberInfo</maml:name>
            <maml:uri/>
          </dev:type>
          <dev:defaultValue>None</dev:defaultValue>
        </command:parameter>
        <command:parameter required="false" variableLength="true" globbing="false" pipelineInput="False" position="named" aliases="none">
          <maml:name>RoleObjectId</maml:name>
          <maml:Description>
            <maml:para></maml:para>
          </maml:Description>
          <command:parameterValue required="true" variableLength="false">String</command:parameterValue>
          <dev:type>
            <maml:name>String</maml:name>
            <maml:uri/>
          </dev:type>
          <dev:defaultValue>None</dev:defaultValue>
        </command:parameter>
      </command:syntaxItem>
    </command:syntax>
    <command:parameters>
      <command:parameter required="false" variableLength="true" globbing="false" pipelineInput="False" position="named" aliases="none">
        <maml:name>AdministrativeUnitObjectId</maml:name>
        <maml:Description>
          <maml:para>Specifica l'ID di un'unità amministrativa.</maml:para>
        </maml:Description>
        <command:parameterValue required="true" variableLength="false">String</command:parameterValue>
        <dev:type>
          <maml:name>String</maml:name>
          <maml:uri/>
        </dev:type>
        <dev:defaultValue>None</dev:defaultValue>
      </command:parameter>
      <command:parameter required="true" variableLength="true" globbing="false" pipelineInput="True (ByPropertyName, ByValue)" position="named" aliases="none">
        <maml:name>ObjectId</maml:name>
        <maml:Description>
          <maml:para></maml:para>
        </maml:Description>
        <command:parameterValue required="true" variableLength="false">String</command:parameterValue>
        <dev:type>
          <maml:name>String</maml:name>
          <maml:uri/>
        </dev:type>
        <dev:defaultValue>None</dev:defaultValue>
      </command:parameter>
      <command:parameter required="false" variableLength="true" globbing="false" pipelineInput="False" position="named" aliases="none">
        <maml:name>RoleMemberInfo</maml:name>
        <maml:Description>
          <maml:para>Specifica un oggetto RoleMemberInfo.</maml:para>
        </maml:Description>
        <command:parameterValue required="true" variableLength="false">RoleMemberInfo</command:parameterValue>
        <dev:type>
          <maml:name>RoleMemberInfo</maml:name>
          <maml:uri/>
        </dev:type>
        <dev:defaultValue>None</dev:defaultValue>
      </command:parameter>
      <command:parameter required="false" variableLength="true" globbing="false" pipelineInput="False" position="named" aliases="none">
        <maml:name>RoleObjectId</maml:name>
        <maml:Description>
          <maml:para></maml:para>
        </maml:Description>
        <command:parameterValue required="true" variableLength="false">String</command:parameterValue>
        <dev:type>
          <maml:name>String</maml:name>
          <maml:uri/>
        </dev:type>
        <dev:defaultValue>None</dev:defaultValue>
      </command:parameter>
    </command:parameters>
    <command:inputTypes/>
    <command:returnValues/>
    <maml:alertSet>
      <maml:alert>
        <maml:para></maml:para>
      </maml:alert>
    </maml:alertSet>
    <command:examples>
      <command:example>
        <maml:title>Esempio 1</maml:title>
        <dev:code>$User = Get-AzureADUser -SearchString "The user that will be an admin on this unit"
	$Role = Get-AzureADDirectoryRole | Where-Object -Property DisplayName -EQ -Value "User Account Administrator"
	$Unit = Get-AzureADAdministrativeUnit | Where-Object -Property DisplayName -Eq -Value "&lt;The display name of the unit"
	$RoleMember = New-Object -TypeName Microsoft.Open.AzureAD.Model.RoleMemberInfo
	$RoleMember.ObjectId = $User.ObjectID
	Add-AzureADScopedRoleMembership -ObjectId $unit.ObjectId -RoleObjectId $Role.ObjectId -RoleMemberInfo $RoleMember</dev:code>
        <dev:remarks>
          <maml:para>Questo cmdlet restituisce l'oggetto di appartenenza a un ruolo con ambito:</maml:para>
          <maml:para></maml:para>
          <maml:para>	AdministrativeUnitObjectId           RoleObjectId 	--------------------------           ------------ 	c9ab56cc-e349-4237-856e-cab03157a91e 526b7173-5a6e-49dc-88ec-b677a9093709</maml:para>
        </dev:remarks>
      </command:example>
    </command:examples>
    <command:relatedLinks>
      <maml:navigationLink>
        <maml:linkText>Get-AzureADScopedRoleMembership</maml:linkText>
        <maml:uri></maml:uri>
      </maml:navigationLink>
      <maml:navigationLink>
        <maml:linkText>Remove-AzureADScopedRoleMembership</maml:linkText>
        <maml:uri></maml:uri>
      </maml:navigationLink>
    </command:relatedLinks>
  </command:command>
  <command:command xmlns:maml="http://schemas.microsoft.com/maml/2004/10" xmlns:command="http://schemas.microsoft.com/maml/dev/command/2004/10" xmlns:dev="http://schemas.microsoft.com/maml/dev/2004/10" xmlns:MSHelp="http://msdn.microsoft.com/mshelp">
    <command:details>
      <command:name>Get-AzureADAdministrativeUnit</command:name>
      <command:verb>Get</command:verb>
      <command:noun>AzureADAdministrativeUnit</command:noun>
      <maml:description>
        <maml:para>Recupera un'unità amministrativa.</maml:para>
      </maml:description>
    </command:details>
    <maml:description>
      <maml:para>Il cmdlet Get-AzureADAdministrativeUnit recupera un'unità amministrativa di Azure Active Directory.</maml:para>
    </maml:description>
    <command:syntax>
      <command:syntaxItem>
        <maml:name>Get-AzureADAdministrativeUnit</maml:name>
        <command:parameter required="false" variableLength="true" globbing="false" pipelineInput="True (ByPropertyName, ByValue)" position="named" aliases="none">
          <maml:name>All</maml:name>
          <maml:Description>
            <maml:para>Se true, restituisce tutte le unità amministrative. Se false, restituisce il numero di oggetti specificati dal parametro Top</maml:para>
          </maml:Description>
          <command:parameterValue required="true" variableLength="false">Boolean</command:parameterValue>
          <dev:type>
            <maml:name>Boolean</maml:name>
            <maml:uri/>
          </dev:type>
          <dev:defaultValue>None</dev:defaultValue>
        </command:parameter>
        <command:parameter required="false" variableLength="true" globbing="false" pipelineInput="True (ByPropertyName, ByValue)" position="named" aliases="none">
          <maml:name>Filter</maml:name>
          <maml:Description>
            <maml:para>Specifica un'istruzione di filtro oData v3.0. Questo parametro filtra gli oggetti che vengono restituiti.</maml:para>
            <maml:para>Per altre informazioni sulle espressioni filtro oData v3.0, vedere https://msdn.microsoft.com/en-us/library/hh169248%28v=nav.90%29.aspx</maml:para>
          </maml:Description>
          <command:parameterValue required="true" variableLength="false">String</command:parameterValue>
          <dev:type>
            <maml:name>String</maml:name>
            <maml:uri/>
          </dev:type>
          <dev:defaultValue>None</dev:defaultValue>
        </command:parameter>
        <command:parameter required="false" variableLength="true" globbing="false" pipelineInput="True (ByPropertyName, ByValue)" position="named" aliases="none">
          <maml:name>Top</maml:name>
          <maml:Description>
            <maml:para>Specifica il numero massimo di record da restituire.</maml:para>
          </maml:Description>
          <command:parameterValue required="true" variableLength="false">Int32</command:parameterValue>
          <dev:type>
            <maml:name>Int32</maml:name>
            <maml:uri/>
          </dev:type>
          <dev:defaultValue>None</dev:defaultValue>
        </command:parameter>
      </command:syntaxItem>
      <command:syntaxItem>
        <maml:name>Get-AzureADAdministrativeUnit</maml:name>
        <command:parameter required="false" variableLength="true" globbing="false" pipelineInput="True (ByPropertyName, ByValue)" position="named" aliases="none">
          <maml:name>All</maml:name>
          <maml:Description>
            <maml:para>Se true, restituisce tutte le unità amministrative. Se false, restituisce il numero di oggetti specificati dal parametro Top</maml:para>
          </maml:Description>
          <command:parameterValue required="true" variableLength="false">Boolean</command:parameterValue>
          <dev:type>
            <maml:name>Boolean</maml:name>
            <maml:uri/>
          </dev:type>
          <dev:defaultValue>None</dev:defaultValue>
        </command:parameter>
        <command:parameter required="true" variableLength="true" globbing="false" pipelineInput="True (ByPropertyName, ByValue)" position="named" aliases="none">
          <maml:name>ObjectId</maml:name>
          <maml:Description>
            <maml:para>Specifica l'ID di un'unità amministrativa in Azure Active Directory.</maml:para>
          </maml:Description>
          <command:parameterValue required="true" variableLength="false">String</command:parameterValue>
          <dev:type>
            <maml:name>String</maml:name>
            <maml:uri/>
          </dev:type>
          <dev:defaultValue>None</dev:defaultValue>
        </command:parameter>
      </command:syntaxItem>
    </command:syntax>
    <command:parameters>
      <command:parameter required="false" variableLength="true" globbing="false" pipelineInput="True (ByPropertyName, ByValue)" position="named" aliases="none">
        <maml:name>All</maml:name>
        <maml:Description>
          <maml:para>Se true, restituisce tutte le unità amministrative. Se false, restituisce il numero di oggetti specificati dal parametro Top</maml:para>
        </maml:Description>
        <command:parameterValue required="true" variableLength="false">Boolean</command:parameterValue>
        <dev:type>
          <maml:name>Boolean</maml:name>
          <maml:uri/>
        </dev:type>
        <dev:defaultValue>None</dev:defaultValue>
      </command:parameter>
      <command:parameter required="false" variableLength="true" globbing="false" pipelineInput="True (ByPropertyName, ByValue)" position="named" aliases="none">
        <maml:name>Filter</maml:name>
        <maml:Description>
          <maml:para>Specifica un'istruzione di filtro oData v3.0. Questo parametro filtra gli oggetti che vengono restituiti.</maml:para>
          <maml:para>Per altre informazioni sulle espressioni filtro oData v3.0, vedere https://msdn.microsoft.com/en-us/library/hh169248%28v=nav.90%29.aspx</maml:para>
        </maml:Description>
        <command:parameterValue required="true" variableLength="false">String</command:parameterValue>
        <dev:type>
          <maml:name>String</maml:name>
          <maml:uri/>
        </dev:type>
        <dev:defaultValue>None</dev:defaultValue>
      </command:parameter>
      <command:parameter required="true" variableLength="true" globbing="false" pipelineInput="True (ByPropertyName, ByValue)" position="named" aliases="none">
        <maml:name>ObjectId</maml:name>
        <maml:Description>
          <maml:para>Specifica l'ID di un'unità amministrativa in Azure Active Directory.</maml:para>
        </maml:Description>
        <command:parameterValue required="true" variableLength="false">String</command:parameterValue>
        <dev:type>
          <maml:name>String</maml:name>
          <maml:uri/>
        </dev:type>
        <dev:defaultValue>None</dev:defaultValue>
      </command:parameter>
      <command:parameter required="false" variableLength="true" globbing="false" pipelineInput="True (ByPropertyName, ByValue)" position="named" aliases="none">
        <maml:name>Top</maml:name>
        <maml:Description>
          <maml:para>Specifica il numero massimo di record da restituire.</maml:para>
        </maml:Description>
        <command:parameterValue required="true" variableLength="false">Int32</command:parameterValue>
        <dev:type>
          <maml:name>Int32</maml:name>
          <maml:uri/>
        </dev:type>
        <dev:defaultValue>None</dev:defaultValue>
      </command:parameter>
    </command:parameters>
    <command:inputTypes/>
    <command:returnValues/>
    <maml:alertSet>
      <maml:alert>
        <maml:para></maml:para>
      </maml:alert>
    </maml:alertSet>
    <command:examples/>
    <command:relatedLinks>
      <maml:navigationLink>
        <maml:linkText>New-AzureADAdministrativeUnit</maml:linkText>
        <maml:uri></maml:uri>
      </maml:navigationLink>
      <maml:navigationLink>
        <maml:linkText>Remove-AzureADAdministrativeUnit</maml:linkText>
        <maml:uri></maml:uri>
      </maml:navigationLink>
      <maml:navigationLink>
        <maml:linkText>Set-AzureADAdministrativeUnit</maml:linkText>
        <maml:uri></maml:uri>
      </maml:navigationLink>
    </command:relatedLinks>
  </command:command>
  <command:command xmlns:maml="http://schemas.microsoft.com/maml/2004/10" xmlns:command="http://schemas.microsoft.com/maml/dev/command/2004/10" xmlns:dev="http://schemas.microsoft.com/maml/dev/2004/10" xmlns:MSHelp="http://msdn.microsoft.com/mshelp">
    <command:details>
      <command:name>Get-AzureADAdministrativeUnitMember</command:name>
      <command:verb>Get</command:verb>
      <command:noun>AzureADAdministrativeUnitMember</command:noun>
      <maml:description>
        <maml:para>Recupera un membro di un'unità amministrativa.</maml:para>
      </maml:description>
    </command:details>
    <maml:description>
      <maml:para>Il cmdlet Get-AzureADAdministrativeUnitMember recupera un membro di un'unità amministrativa di Active Directory.</maml:para>
    </maml:description>
    <command:syntax>
      <command:syntaxItem>
        <maml:name>Get-AzureADAdministrativeUnitMember</maml:name>
        <command:parameter required="false" variableLength="true" globbing="false" pipelineInput="False" position="named" aliases="infa">
          <maml:name>InformationAction</maml:name>
          <maml:Description>
            <maml:para>Specifica il modo in cui questo cmdlet risponde a un evento informativo. I valori accettabili per questo parametro sono: * Continue</maml:para>
            <maml:para>* Ignore</maml:para>
            <maml:para>* Inquire</maml:para>
            <maml:para>* SilentlyContinue</maml:para>
            <maml:para>* Stop</maml:para>
            <maml:para>* Suspend</maml:para>
          </maml:Description>
          <command:parameterValue required="true" variableLength="false">ActionPreference</command:parameterValue>
          <dev:type>
            <maml:name>ActionPreference</maml:name>
            <maml:uri/>
          </dev:type>
          <dev:defaultValue>None</dev:defaultValue>
        </command:parameter>
        <command:parameter required="false" variableLength="true" globbing="false" pipelineInput="False" position="named" aliases="iv">
          <maml:name>InformationVariable</maml:name>
          <maml:Description>
            <maml:para>Specifica una variabile in cui archiviare un messaggio relativo a un evento informativo.</maml:para>
          </maml:Description>
          <command:parameterValue required="true" variableLength="false">String</command:parameterValue>
          <dev:type>
            <maml:name>String</maml:name>
            <maml:uri/>
          </dev:type>
          <dev:defaultValue>None</dev:defaultValue>
        </command:parameter>
        <command:parameter required="true" variableLength="true" globbing="false" pipelineInput="True (ByPropertyName, ByValue)" position="named" aliases="none">
          <maml:name>ObjectId</maml:name>
          <maml:Description>
            <maml:para>Specifica l'ID di un'unità amministrativa in Azure Active Directory.</maml:para>
          </maml:Description>
          <command:parameterValue required="true" variableLength="false">String</command:parameterValue>
          <dev:type>
            <maml:name>String</maml:name>
            <maml:uri/>
          </dev:type>
          <dev:defaultValue>None</dev:defaultValue>
        </command:parameter>
        <command:parameter required="false" variableLength="true" globbing="false" pipelineInput="True (ByPropertyName, ByValue)" position="named" aliases="none">
          <maml:name>All</maml:name>
          <maml:Description>
            <maml:para>Se true, restituisce tutti i membri delle unità amministrative. Se false, restituisce il numero di oggetti specificati dal parametro Top</maml:para>
          </maml:Description>
          <command:parameterValue required="true" variableLength="false">Boolean</command:parameterValue>
          <dev:type>
            <maml:name>Boolean</maml:name>
            <maml:uri/>
          </dev:type>
          <dev:defaultValue>None</dev:defaultValue>
        </command:parameter>
        <command:parameter required="false" variableLength="true" globbing="false" pipelineInput="True (ByPropertyName, ByValue)" position="named" aliases="none">
          <maml:name>Top</maml:name>
          <maml:Description>
            <maml:para>Specifica il numero massimo di record da restituire.</maml:para>
          </maml:Description>
          <command:parameterValue required="true" variableLength="false">Int32</command:parameterValue>
          <dev:type>
            <maml:name>Int32</maml:name>
            <maml:uri/>
          </dev:type>
          <dev:defaultValue>None</dev:defaultValue>
        </command:parameter>
      </command:syntaxItem>
    </command:syntax>
    <command:parameters>
      <command:parameter required="false" variableLength="true" globbing="false" pipelineInput="False" position="named" aliases="infa">
        <maml:name>InformationAction</maml:name>
        <maml:Description>
          <maml:para>Specifica il modo in cui questo cmdlet risponde a un evento informativo. I valori accettabili per questo parametro sono: * Continue</maml:para>
          <maml:para>* Ignore</maml:para>
          <maml:para>* Inquire</maml:para>
          <maml:para>* SilentlyContinue</maml:para>
          <maml:para>* Stop</maml:para>
          <maml:para>* Suspend</maml:para>
        </maml:Description>
        <command:parameterValue required="true" variableLength="false">ActionPreference</command:parameterValue>
        <dev:type>
          <maml:name>ActionPreference</maml:name>
          <maml:uri/>
        </dev:type>
        <dev:defaultValue>None</dev:defaultValue>
      </command:parameter>
      <command:parameter required="false" variableLength="true" globbing="false" pipelineInput="False" position="named" aliases="iv">
        <maml:name>InformationVariable</maml:name>
        <maml:Description>
          <maml:para>Specifica una variabile in cui archiviare un messaggio relativo a un evento informativo.</maml:para>
        </maml:Description>
        <command:parameterValue required="true" variableLength="false">String</command:parameterValue>
        <dev:type>
          <maml:name>String</maml:name>
          <maml:uri/>
        </dev:type>
        <dev:defaultValue>None</dev:defaultValue>
      </command:parameter>
      <command:parameter required="true" variableLength="true" globbing="false" pipelineInput="True (ByPropertyName, ByValue)" position="named" aliases="none">
        <maml:name>ObjectId</maml:name>
        <maml:Description>
          <maml:para>Specifica l'ID di un'unità amministrativa in Azure Active Directory.</maml:para>
        </maml:Description>
        <command:parameterValue required="true" variableLength="false">String</command:parameterValue>
        <dev:type>
          <maml:name>String</maml:name>
          <maml:uri/>
        </dev:type>
        <dev:defaultValue>None</dev:defaultValue>
      </command:parameter>
      <command:parameter required="false" variableLength="true" globbing="false" pipelineInput="True (ByPropertyName, ByValue)" position="named" aliases="none">
        <maml:name>All</maml:name>
        <maml:Description>
          <maml:para>Se true, restituisce tutti i membri delle unità amministrative. Se false, restituisce il numero di oggetti specificati dal parametro Top</maml:para>
        </maml:Description>
        <command:parameterValue required="true" variableLength="false">Boolean</command:parameterValue>
        <dev:type>
          <maml:name>Boolean</maml:name>
          <maml:uri/>
        </dev:type>
        <dev:defaultValue>None</dev:defaultValue>
      </command:parameter>
      <command:parameter required="false" variableLength="true" globbing="false" pipelineInput="True (ByPropertyName, ByValue)" position="named" aliases="none">
        <maml:name>Top</maml:name>
        <maml:Description>
          <maml:para>Specifica il numero massimo di record da restituire.</maml:para>
        </maml:Description>
        <command:parameterValue required="true" variableLength="false">Int32</command:parameterValue>
        <dev:type>
          <maml:name>Int32</maml:name>
          <maml:uri/>
        </dev:type>
        <dev:defaultValue>None</dev:defaultValue>
      </command:parameter>
    </command:parameters>
    <command:inputTypes/>
    <command:returnValues/>
    <maml:alertSet>
      <maml:alert>
        <maml:para></maml:para>
      </maml:alert>
    </maml:alertSet>
    <command:examples>
      <command:example>
        <maml:title>Esempio 1 Ottenere un membro dell'unità amministrativa in base a ID</maml:title>
        <dev:code>PS C:\&gt; Get-AzureADAdministrativeUnitMember -ObjectId "ef08b536-9d0a-4f8f-bda5-8b9cd01a9159"</dev:code>
        <dev:remarks>
          <maml:para></maml:para>
        </dev:remarks>
      </command:example>
    </command:examples>
    <command:relatedLinks>
      <maml:navigationLink>
        <maml:linkText>Add-AzureADAdministrativeUnitMember</maml:linkText>
        <maml:uri></maml:uri>
      </maml:navigationLink>
      <maml:navigationLink>
        <maml:linkText>Remove-AzureADAdministrativeUnitMember</maml:linkText>
        <maml:uri></maml:uri>
      </maml:navigationLink>
    </command:relatedLinks>
  </command:command>
  <command:command xmlns:maml="http://schemas.microsoft.com/maml/2004/10" xmlns:command="http://schemas.microsoft.com/maml/dev/command/2004/10" xmlns:dev="http://schemas.microsoft.com/maml/dev/2004/10" xmlns:MSHelp="http://msdn.microsoft.com/mshelp">
    <command:details>
      <command:name>Get-AzureADScopedRoleMembership</command:name>
      <command:verb>Get</command:verb>
      <command:noun>AzureADScopedRoleMembership</command:noun>
      <maml:description>
        <maml:para>Recupera un'appartenenza a un ruolo con ambito da un'unità amministrativa.</maml:para>
      </maml:description>
    </command:details>
    <maml:description>
      <maml:para>Il cmdlet Get-AzureADScopedRoleMembership recupera un'appartenenza a un ruolo con ambito da un'unità amministrativa in Azure Active Directory (AD).</maml:para>
    </maml:description>
    <command:syntax>
      <command:syntaxItem>
        <maml:name>Get-AzureADScopedRoleMembership</maml:name>
        <command:parameter required="true" variableLength="true" globbing="false" pipelineInput="True (ByPropertyName, ByValue)" position="named" aliases="none">
          <maml:name>ObjectId</maml:name>
          <maml:Description>
            <maml:para>Specifica l'ID di un oggetto.</maml:para>
          </maml:Description>
          <command:parameterValue required="true" variableLength="false">String</command:parameterValue>
          <dev:type>
            <maml:name>String</maml:name>
            <maml:uri/>
          </dev:type>
          <dev:defaultValue>None</dev:defaultValue>
        </command:parameter>
        <command:parameter required="false" variableLength="true" globbing="false" pipelineInput="True (ByPropertyName, ByValue)" position="named" aliases="none">
          <maml:name>ScopedRoleMembershipId</maml:name>
          <maml:Description>
            <maml:para>Specifica l'ID di un'appartenenza a un ruolo con ambito.</maml:para>
          </maml:Description>
          <command:parameterValue required="true" variableLength="false">String</command:parameterValue>
          <dev:type>
            <maml:name>String</maml:name>
            <maml:uri/>
          </dev:type>
          <dev:defaultValue>None</dev:defaultValue>
        </command:parameter>
      </command:syntaxItem>
    </command:syntax>
    <command:parameters>
      <command:parameter required="true" variableLength="true" globbing="false" pipelineInput="True (ByPropertyName, ByValue)" position="named" aliases="none">
        <maml:name>ObjectId</maml:name>
        <maml:Description>
          <maml:para>Specifica l'ID di un oggetto.</maml:para>
        </maml:Description>
        <command:parameterValue required="true" variableLength="false">String</command:parameterValue>
        <dev:type>
          <maml:name>String</maml:name>
          <maml:uri/>
        </dev:type>
        <dev:defaultValue>None</dev:defaultValue>
      </command:parameter>
      <command:parameter required="false" variableLength="true" globbing="false" pipelineInput="True (ByPropertyName, ByValue)" position="named" aliases="none">
        <maml:name>ScopedRoleMembershipId</maml:name>
        <maml:Description>
          <maml:para>Specifica l'ID di un'appartenenza a un ruolo con ambito.</maml:para>
        </maml:Description>
        <command:parameterValue required="true" variableLength="false">String</command:parameterValue>
        <dev:type>
          <maml:name>String</maml:name>
          <maml:uri/>
        </dev:type>
        <dev:defaultValue>None</dev:defaultValue>
      </command:parameter>
    </command:parameters>
    <command:inputTypes/>
    <command:returnValues/>
    <maml:alertSet>
      <maml:alert>
        <maml:para></maml:para>
      </maml:alert>
    </maml:alertSet>
    <command:examples>
      <command:example>
        <maml:title>----------- Esempio 1 Ottenere l'amministratore di ruoli con ambito -----------</maml:title>
        <dev:code>PS C:\&gt;Get-AzureADScopedRoleMembership -ObjectId "526b7173-5a6e-49dc-88ec-b677a9093709" -ScopedRoleMembershipId "356b7173-5a6e-49dc-88ec-b677a9093709"</dev:code>
        <dev:remarks>
          <maml:para></maml:para>
        </dev:remarks>
      </command:example>
      <command:example>
        <maml:title>--------- Esempio 2 Elencare gli amministratori con ambito per l'unità amministrativa. ---------</maml:title>
        <dev:code>PS C:\&gt;Get-AzureADScopedRoleMembership -ObjectId "526b7173-5a6e-49dc-88ec-b677a9093709"</dev:code>
        <dev:remarks>
          <maml:para></maml:para>
        </dev:remarks>
      </command:example>
    </command:examples>
    <command:relatedLinks>
      <maml:navigationLink>
        <maml:linkText>Add-AzureADScopedRoleMembership</maml:linkText>
        <maml:uri></maml:uri>
      </maml:navigationLink>
      <maml:navigationLink>
        <maml:linkText>Remove-AzureADScopedRoleMembership</maml:linkText>
        <maml:uri></maml:uri>
      </maml:navigationLink>
    </command:relatedLinks>
  </command:command>
  <command:command xmlns:maml="http://schemas.microsoft.com/maml/2004/10" xmlns:command="http://schemas.microsoft.com/maml/dev/command/2004/10" xmlns:dev="http://schemas.microsoft.com/maml/dev/2004/10" xmlns:MSHelp="http://msdn.microsoft.com/mshelp">
    <command:details>
      <command:name>New-AzureADAdministrativeUnit</command:name>
      <command:verb>New</command:verb>
      <command:noun>AzureADAdministrativeUnit</command:noun>
      <maml:description>
        <maml:para>Crea un'unità amministrativa.</maml:para>
      </maml:description>
    </command:details>
    <maml:description>
      <maml:para>Il cmdlet New-AzureADAdministrativeUnit crea un'unità amministrativa in Azure Active Directory (AD).</maml:para>
    </maml:description>
    <command:syntax>
      <command:syntaxItem>
        <maml:name>New-AzureADAdministrativeUnit</maml:name>
        <command:parameter required="false" variableLength="true" globbing="false" pipelineInput="False" position="named" aliases="none">
          <maml:name>Description</maml:name>
          <maml:Description>
            <maml:para>Specifica una descrizione per la nuova unità amministrativa.</maml:para>
          </maml:Description>
          <command:parameterValue required="true" variableLength="false">String</command:parameterValue>
          <dev:type>
            <maml:name>String</maml:name>
            <maml:uri/>
          </dev:type>
          <dev:defaultValue>None</dev:defaultValue>
        </command:parameter>
        <command:parameter required="true" variableLength="true" globbing="false" pipelineInput="False" position="named" aliases="none">
          <maml:name>DisplayName</maml:name>
          <maml:Description>
            <maml:para>Specifica il nome visualizzato della nuova unità amministrativa.</maml:para>
          </maml:Description>
          <command:parameterValue required="true" variableLength="false">String</command:parameterValue>
          <dev:type>
            <maml:name>String</maml:name>
            <maml:uri/>
          </dev:type>
          <dev:defaultValue>None</dev:defaultValue>
        </command:parameter>
        <command:parameter required="false" variableLength="true" globbing="false" pipelineInput="False" position="named" aliases="infa">
          <maml:name>InformationAction</maml:name>
          <maml:Description>
            <maml:para>Specifica il modo in cui questo cmdlet risponde a un evento informativo. I valori accettabili per questo parametro sono:</maml:para>
            <maml:para>- Continue</maml:para>
            <maml:para>- Ignore</maml:para>
            <maml:para>- Inquire</maml:para>
            <maml:para>- SilentlyContinue</maml:para>
            <maml:para>- Stop</maml:para>
            <maml:para>- Suspend</maml:para>
          </maml:Description>
          <command:parameterValue required="true" variableLength="false">ActionPreference</command:parameterValue>
          <dev:type>
            <maml:name>ActionPreference</maml:name>
            <maml:uri/>
          </dev:type>
          <dev:defaultValue>None</dev:defaultValue>
        </command:parameter>
        <command:parameter required="false" variableLength="true" globbing="false" pipelineInput="False" position="named" aliases="iv">
          <maml:name>InformationVariable</maml:name>
          <maml:Description>
            <maml:para>Specifica una variabile informativa.</maml:para>
          </maml:Description>
          <command:parameterValue required="true" variableLength="false">String</command:parameterValue>
          <dev:type>
            <maml:name>String</maml:name>
            <maml:uri/>
          </dev:type>
          <dev:defaultValue>None</dev:defaultValue>
        </command:parameter>
      </command:syntaxItem>
    </command:syntax>
    <command:parameters>
      <command:parameter required="false" variableLength="true" globbing="false" pipelineInput="False" position="named" aliases="none">
        <maml:name>Description</maml:name>
        <maml:Description>
          <maml:para>Specifica una descrizione per la nuova unità amministrativa.</maml:para>
        </maml:Description>
        <command:parameterValue required="true" variableLength="false">String</command:parameterValue>
        <dev:type>
          <maml:name>String</maml:name>
          <maml:uri/>
        </dev:type>
        <dev:defaultValue>None</dev:defaultValue>
      </command:parameter>
      <command:parameter required="true" variableLength="true" globbing="false" pipelineInput="False" position="named" aliases="none">
        <maml:name>DisplayName</maml:name>
        <maml:Description>
          <maml:para>Specifica il nome visualizzato della nuova unità amministrativa.</maml:para>
        </maml:Description>
        <command:parameterValue required="true" variableLength="false">String</command:parameterValue>
        <dev:type>
          <maml:name>String</maml:name>
          <maml:uri/>
        </dev:type>
        <dev:defaultValue>None</dev:defaultValue>
      </command:parameter>
      <command:parameter required="false" variableLength="true" globbing="false" pipelineInput="False" position="named" aliases="infa">
        <maml:name>InformationAction</maml:name>
        <maml:Description>
          <maml:para>Specifica il modo in cui questo cmdlet risponde a un evento informativo. I valori accettabili per questo parametro sono:</maml:para>
          <maml:para>- Continue</maml:para>
          <maml:para>- Ignore</maml:para>
          <maml:para>- Inquire</maml:para>
          <maml:para>- SilentlyContinue</maml:para>
          <maml:para>- Stop</maml:para>
          <maml:para>- Suspend</maml:para>
        </maml:Description>
        <command:parameterValue required="true" variableLength="false">ActionPreference</command:parameterValue>
        <dev:type>
          <maml:name>ActionPreference</maml:name>
          <maml:uri/>
        </dev:type>
        <dev:defaultValue>None</dev:defaultValue>
      </command:parameter>
      <command:parameter required="false" variableLength="true" globbing="false" pipelineInput="False" position="named" aliases="iv">
        <maml:name>InformationVariable</maml:name>
        <maml:Description>
          <maml:para>Specifica una variabile informativa.</maml:para>
        </maml:Description>
        <command:parameterValue required="true" variableLength="false">String</command:parameterValue>
        <dev:type>
          <maml:name>String</maml:name>
          <maml:uri/>
        </dev:type>
        <dev:defaultValue>None</dev:defaultValue>
      </command:parameter>
    </command:parameters>
    <command:inputTypes/>
    <command:returnValues/>
    <maml:alertSet>
      <maml:alert>
        <maml:para></maml:para>
      </maml:alert>
    </maml:alertSet>
    <command:examples/>
    <command:relatedLinks>
      <maml:navigationLink>
        <maml:linkText>Get-AzureADAdministrativeUnit</maml:linkText>
        <maml:uri></maml:uri>
      </maml:navigationLink>
      <maml:navigationLink>
        <maml:linkText>Remove-AzureADAdministrativeUnit</maml:linkText>
        <maml:uri></maml:uri>
      </maml:navigationLink>
      <maml:navigationLink>
        <maml:linkText>Set-AzureADAdministrativeUnit</maml:linkText>
        <maml:uri></maml:uri>
      </maml:navigationLink>
    </command:relatedLinks>
  </command:command>
  <command:command xmlns:maml="http://schemas.microsoft.com/maml/2004/10" xmlns:command="http://schemas.microsoft.com/maml/dev/command/2004/10" xmlns:dev="http://schemas.microsoft.com/maml/dev/2004/10" xmlns:MSHelp="http://msdn.microsoft.com/mshelp">
    <command:details>
      <command:name>Remove-AzureADAdministrativeUnit</command:name>
      <command:verb>Remove</command:verb>
      <command:noun>AzureADAdministrativeUnit</command:noun>
      <maml:description>
        <maml:para>Rimuove un'unità amministrativa.</maml:para>
      </maml:description>
    </command:details>
    <maml:description>
      <maml:para>Il cmdlet Remove-AzureADAdministrativeUnit rimuove un'unità amministrativa da Azure Active Directory.</maml:para>
    </maml:description>
    <command:syntax>
      <command:syntaxItem>
        <maml:name>Remove-AzureADAdministrativeUnit</maml:name>
        <command:parameter required="false" variableLength="true" globbing="false" pipelineInput="False" position="named" aliases="infa">
          <maml:name>InformationAction</maml:name>
          <maml:Description>
            <maml:para>Specifica il modo in cui questo cmdlet risponde a un evento informativo. I valori accettabili per questo parametro sono: * Continue</maml:para>
            <maml:para>* Ignore</maml:para>
            <maml:para>* Inquire</maml:para>
            <maml:para>* SilentlyContinue</maml:para>
            <maml:para>* Stop</maml:para>
            <maml:para>* Suspend</maml:para>
          </maml:Description>
          <command:parameterValue required="true" variableLength="false">ActionPreference</command:parameterValue>
          <dev:type>
            <maml:name>ActionPreference</maml:name>
            <maml:uri/>
          </dev:type>
          <dev:defaultValue>None</dev:defaultValue>
        </command:parameter>
        <command:parameter required="false" variableLength="true" globbing="false" pipelineInput="False" position="named" aliases="iv">
          <maml:name>InformationVariable</maml:name>
          <maml:Description>
            <maml:para>Specifica una variabile in cui archiviare un messaggio relativo a un evento informativo.</maml:para>
          </maml:Description>
          <command:parameterValue required="true" variableLength="false">String</command:parameterValue>
          <dev:type>
            <maml:name>String</maml:name>
            <maml:uri/>
          </dev:type>
          <dev:defaultValue>None</dev:defaultValue>
        </command:parameter>
        <command:parameter required="true" variableLength="true" globbing="false" pipelineInput="True (ByPropertyName, ByValue)" position="named" aliases="none">
          <maml:name>ObjectId</maml:name>
          <maml:Description>
            <maml:para>Specifica l'ID di un'unità amministrativa in Active Directory.</maml:para>
          </maml:Description>
          <command:parameterValue required="true" variableLength="false">String</command:parameterValue>
          <dev:type>
            <maml:name>String</maml:name>
            <maml:uri/>
          </dev:type>
          <dev:defaultValue>None</dev:defaultValue>
        </command:parameter>
      </command:syntaxItem>
    </command:syntax>
    <command:parameters>
      <command:parameter required="false" variableLength="true" globbing="false" pipelineInput="False" position="named" aliases="infa">
        <maml:name>InformationAction</maml:name>
        <maml:Description>
          <maml:para>Specifica il modo in cui questo cmdlet risponde a un evento informativo. I valori accettabili per questo parametro sono: * Continue</maml:para>
          <maml:para>* Ignore</maml:para>
          <maml:para>* Inquire</maml:para>
          <maml:para>* SilentlyContinue</maml:para>
          <maml:para>* Stop</maml:para>
          <maml:para>* Suspend</maml:para>
        </maml:Description>
        <command:parameterValue required="true" variableLength="false">ActionPreference</command:parameterValue>
        <dev:type>
          <maml:name>ActionPreference</maml:name>
          <maml:uri/>
        </dev:type>
        <dev:defaultValue>None</dev:defaultValue>
      </command:parameter>
      <command:parameter required="false" variableLength="true" globbing="false" pipelineInput="False" position="named" aliases="iv">
        <maml:name>InformationVariable</maml:name>
        <maml:Description>
          <maml:para>Specifica una variabile in cui archiviare un messaggio relativo a un evento informativo.</maml:para>
        </maml:Description>
        <command:parameterValue required="true" variableLength="false">String</command:parameterValue>
        <dev:type>
          <maml:name>String</maml:name>
          <maml:uri/>
        </dev:type>
        <dev:defaultValue>None</dev:defaultValue>
      </command:parameter>
      <command:parameter required="true" variableLength="true" globbing="false" pipelineInput="True (ByPropertyName, ByValue)" position="named" aliases="none">
        <maml:name>ObjectId</maml:name>
        <maml:Description>
          <maml:para>Specifica l'ID di un'unità amministrativa in Active Directory.</maml:para>
        </maml:Description>
        <command:parameterValue required="true" variableLength="false">String</command:parameterValue>
        <dev:type>
          <maml:name>String</maml:name>
          <maml:uri/>
        </dev:type>
        <dev:defaultValue>None</dev:defaultValue>
      </command:parameter>
    </command:parameters>
    <command:inputTypes/>
    <command:returnValues/>
    <maml:alertSet>
      <maml:alert>
        <maml:para></maml:para>
      </maml:alert>
    </maml:alertSet>
    <command:examples/>
    <command:relatedLinks>
      <maml:navigationLink>
        <maml:linkText>Get-AzureADAdministrativeUnit</maml:linkText>
        <maml:uri></maml:uri>
      </maml:navigationLink>
      <maml:navigationLink>
        <maml:linkText>Set-AzureADAdministrativeUnit</maml:linkText>
        <maml:uri></maml:uri>
      </maml:navigationLink>
    </command:relatedLinks>
  </command:command>
  <command:command xmlns:maml="http://schemas.microsoft.com/maml/2004/10" xmlns:command="http://schemas.microsoft.com/maml/dev/command/2004/10" xmlns:dev="http://schemas.microsoft.com/maml/dev/2004/10" xmlns:MSHelp="http://msdn.microsoft.com/mshelp">
    <command:details>
      <command:name>Remove-AzureADAdministrativeUnitMember</command:name>
      <command:verb>Remove</command:verb>
      <command:noun>AzureADAdministrativeUnitMember</command:noun>
      <maml:description>
        <maml:para>Rimuove un membro di un'unità amministrativa.</maml:para>
      </maml:description>
    </command:details>
    <maml:description>
      <maml:para>Il cmdlet Remove-AzureADAdministrativeUnitMember rimuove un membro di un'unità amministrativa in Azure Active Directory (AD).</maml:para>
    </maml:description>
    <command:syntax>
      <command:syntaxItem>
        <maml:name>Remove-AzureADAdministrativeUnitMember</maml:name>
        <command:parameter required="false" variableLength="true" globbing="false" pipelineInput="False" position="named" aliases="infa">
          <maml:name>InformationAction</maml:name>
          <maml:Description>
            <maml:para>Specifica il modo in cui questo cmdlet risponde a un evento informativo.</maml:para>
            <maml:para>I valori accettabili per questo parametro sono:</maml:para>
            <maml:para>- Continue</maml:para>
            <maml:para>- Ignore</maml:para>
            <maml:para>- Inquire</maml:para>
            <maml:para>- SilentlyContinue</maml:para>
            <maml:para>- Stop</maml:para>
            <maml:para>- Suspend</maml:para>
          </maml:Description>
          <command:parameterValue required="true" variableLength="false">ActionPreference</command:parameterValue>
          <dev:type>
            <maml:name>ActionPreference</maml:name>
            <maml:uri/>
          </dev:type>
          <dev:defaultValue>None</dev:defaultValue>
        </command:parameter>
        <command:parameter required="false" variableLength="true" globbing="false" pipelineInput="False" position="named" aliases="iv">
          <maml:name>InformationVariable</maml:name>
          <maml:Description>
            <maml:para>Specifica una variabile informativa.</maml:para>
          </maml:Description>
          <command:parameterValue required="true" variableLength="false">String</command:parameterValue>
          <dev:type>
            <maml:name>String</maml:name>
            <maml:uri/>
          </dev:type>
          <dev:defaultValue>None</dev:defaultValue>
        </command:parameter>
        <command:parameter required="true" variableLength="true" globbing="false" pipelineInput="True (ByPropertyName, ByValue)" position="named" aliases="none">
          <maml:name>MemberId</maml:name>
          <maml:Description>
            <maml:para>Specifica l'ID del membro dell'unità amministrativa.</maml:para>
          </maml:Description>
          <command:parameterValue required="true" variableLength="false">String</command:parameterValue>
          <dev:type>
            <maml:name>String</maml:name>
            <maml:uri/>
          </dev:type>
          <dev:defaultValue>None</dev:defaultValue>
        </command:parameter>
        <command:parameter required="true" variableLength="true" globbing="false" pipelineInput="True (ByPropertyName, ByValue)" position="named" aliases="none">
          <maml:name>ObjectId</maml:name>
          <maml:Description>
            <maml:para>Specifica l'ID di un'unità amministrativa in Azure AD.</maml:para>
          </maml:Description>
          <command:parameterValue required="true" variableLength="false">String</command:parameterValue>
          <dev:type>
            <maml:name>String</maml:name>
            <maml:uri/>
          </dev:type>
          <dev:defaultValue>None</dev:defaultValue>
        </command:parameter>
      </command:syntaxItem>
    </command:syntax>
    <command:parameters>
      <command:parameter required="false" variableLength="true" globbing="false" pipelineInput="False" position="named" aliases="infa">
        <maml:name>InformationAction</maml:name>
        <maml:Description>
          <maml:para>Specifica il modo in cui questo cmdlet risponde a un evento informativo.</maml:para>
          <maml:para>I valori accettabili per questo parametro sono:</maml:para>
          <maml:para>- Continue</maml:para>
          <maml:para>- Ignore</maml:para>
          <maml:para>- Inquire</maml:para>
          <maml:para>- SilentlyContinue</maml:para>
          <maml:para>- Stop</maml:para>
          <maml:para>- Suspend</maml:para>
        </maml:Description>
        <command:parameterValue required="true" variableLength="false">ActionPreference</command:parameterValue>
        <dev:type>
          <maml:name>ActionPreference</maml:name>
          <maml:uri/>
        </dev:type>
        <dev:defaultValue>None</dev:defaultValue>
      </command:parameter>
      <command:parameter required="false" variableLength="true" globbing="false" pipelineInput="False" position="named" aliases="iv">
        <maml:name>InformationVariable</maml:name>
        <maml:Description>
          <maml:para>Specifica una variabile informativa.</maml:para>
        </maml:Description>
        <command:parameterValue required="true" variableLength="false">String</command:parameterValue>
        <dev:type>
          <maml:name>String</maml:name>
          <maml:uri/>
        </dev:type>
        <dev:defaultValue>None</dev:defaultValue>
      </command:parameter>
      <command:parameter required="true" variableLength="true" globbing="false" pipelineInput="True (ByPropertyName, ByValue)" position="named" aliases="none">
        <maml:name>MemberId</maml:name>
        <maml:Description>
          <maml:para>Specifica l'ID del membro dell'unità amministrativa.</maml:para>
        </maml:Description>
        <command:parameterValue required="true" variableLength="false">String</command:parameterValue>
        <dev:type>
          <maml:name>String</maml:name>
          <maml:uri/>
        </dev:type>
        <dev:defaultValue>None</dev:defaultValue>
      </command:parameter>
      <command:parameter required="true" variableLength="true" globbing="false" pipelineInput="True (ByPropertyName, ByValue)" position="named" aliases="none">
        <maml:name>ObjectId</maml:name>
        <maml:Description>
          <maml:para>Specifica l'ID di un'unità amministrativa in Azure AD.</maml:para>
        </maml:Description>
        <command:parameterValue required="true" variableLength="false">String</command:parameterValue>
        <dev:type>
          <maml:name>String</maml:name>
          <maml:uri/>
        </dev:type>
        <dev:defaultValue>None</dev:defaultValue>
      </command:parameter>
    </command:parameters>
    <command:inputTypes/>
    <command:returnValues/>
    <maml:alertSet>
      <maml:alert>
        <maml:para></maml:para>
      </maml:alert>
    </maml:alertSet>
    <command:examples/>
    <command:relatedLinks>
      <maml:navigationLink>
        <maml:linkText>Add-AzureADAdministrativeUnitMember</maml:linkText>
        <maml:uri></maml:uri>
      </maml:navigationLink>
      <maml:navigationLink>
        <maml:linkText>Remove-AzureADAdministrativeUnitMember</maml:linkText>
        <maml:uri></maml:uri>
      </maml:navigationLink>
    </command:relatedLinks>
  </command:command>
  <command:command xmlns:maml="http://schemas.microsoft.com/maml/2004/10" xmlns:command="http://schemas.microsoft.com/maml/dev/command/2004/10" xmlns:dev="http://schemas.microsoft.com/maml/dev/2004/10" xmlns:MSHelp="http://msdn.microsoft.com/mshelp">
    <command:details>
      <command:name>Remove-AzureADScopedRoleMembership</command:name>
      <command:verb>Remove</command:verb>
      <command:noun>AzureADScopedRoleMembership</command:noun>
      <maml:description>
        <maml:para>Rimuove un'appartenenza a un ruolo con ambito.</maml:para>
      </maml:description>
    </command:details>
    <maml:description>
      <maml:para>Il cmdlet Remove-AzureADScopedRoleMembership rimuove un'appartenenza a un ruolo con ambito da Azure Active Directory (AD).</maml:para>
    </maml:description>
    <command:syntax>
      <command:syntaxItem>
        <maml:name>Remove-AzureADScopedRoleMembership</maml:name>
        <command:parameter required="true" variableLength="true" globbing="false" pipelineInput="True (ByPropertyName, ByValue)" position="named" aliases="none">
          <maml:name>ObjectId</maml:name>
          <maml:Description>
            <maml:para>Specifica un ID oggetto.</maml:para>
          </maml:Description>
          <command:parameterValue required="true" variableLength="false">String</command:parameterValue>
          <dev:type>
            <maml:name>String</maml:name>
            <maml:uri/>
          </dev:type>
          <dev:defaultValue>None</dev:defaultValue>
        </command:parameter>
        <command:parameter required="true" variableLength="true" globbing="false" pipelineInput="True (ByPropertyName, ByValue)" position="named" aliases="none">
          <maml:name>ScopedRoleMembershipId</maml:name>
          <maml:Description>
            <maml:para>Specifica l'ID dell'appartenenza a un ruolo con ambito da rimuovere.</maml:para>
          </maml:Description>
          <command:parameterValue required="true" variableLength="false">String</command:parameterValue>
          <dev:type>
            <maml:name>String</maml:name>
            <maml:uri/>
          </dev:type>
          <dev:defaultValue>None</dev:defaultValue>
        </command:parameter>
      </command:syntaxItem>
    </command:syntax>
    <command:parameters>
      <command:parameter required="true" variableLength="true" globbing="false" pipelineInput="True (ByPropertyName, ByValue)" position="named" aliases="none">
        <maml:name>ObjectId</maml:name>
        <maml:Description>
          <maml:para>Specifica un ID oggetto.</maml:para>
        </maml:Description>
        <command:parameterValue required="true" variableLength="false">String</command:parameterValue>
        <dev:type>
          <maml:name>String</maml:name>
          <maml:uri/>
        </dev:type>
        <dev:defaultValue>None</dev:defaultValue>
      </command:parameter>
      <command:parameter required="true" variableLength="true" globbing="false" pipelineInput="True (ByPropertyName, ByValue)" position="named" aliases="none">
        <maml:name>ScopedRoleMembershipId</maml:name>
        <maml:Description>
          <maml:para>Specifica l'ID dell'appartenenza a un ruolo con ambito da rimuovere.</maml:para>
        </maml:Description>
        <command:parameterValue required="true" variableLength="false">String</command:parameterValue>
        <dev:type>
          <maml:name>String</maml:name>
          <maml:uri/>
        </dev:type>
        <dev:defaultValue>None</dev:defaultValue>
      </command:parameter>
    </command:parameters>
    <command:inputTypes/>
    <command:returnValues/>
    <maml:alertSet>
      <maml:alert>
        <maml:para></maml:para>
      </maml:alert>
    </maml:alertSet>
    <command:examples>
      <command:example>
        <maml:title>-------------------------- Esempio 1 --------------------------</maml:title>
        <dev:code>Remove-AzureADScopedRoleMembership -ObjectId "1026185e-25df-4522-a380-7ab697a7241c" -ScopedRoleMembershipId "3028185e-25df-4522-a380-7ab697a7241c"</dev:code>
        <dev:remarks>
          <maml:para>Consente di rimuovere un'appartenenza con ambito.</maml:para>
        </dev:remarks>
      </command:example>
    </command:examples>
    <command:relatedLinks>
      <maml:navigationLink>
        <maml:linkText>Add-AzureADScopedRoleMembership</maml:linkText>
        <maml:uri></maml:uri>
      </maml:navigationLink>
      <maml:navigationLink>
        <maml:linkText>Get-AzureADScopedRoleMembership</maml:linkText>
        <maml:uri></maml:uri>
      </maml:navigationLink>
    </command:relatedLinks>
  </command:command>
  <command:command xmlns:maml="http://schemas.microsoft.com/maml/2004/10" xmlns:command="http://schemas.microsoft.com/maml/dev/command/2004/10" xmlns:dev="http://schemas.microsoft.com/maml/dev/2004/10" xmlns:MSHelp="http://msdn.microsoft.com/mshelp">
    <command:details>
      <command:name>Set-AzureADAdministrativeUnit</command:name>
      <command:verb>Set</command:verb>
      <command:noun>AzureADAdministrativeUnit</command:noun>
      <maml:description>
        <maml:para>Aggiorna un'unità amministrativa.</maml:para>
      </maml:description>
    </command:details>
    <maml:description>
      <maml:para>Il cmdlet Set-AzureADAdministrativeUnit aggiorna un'unità amministrativa in Azure Active Directory (AD).</maml:para>
    </maml:description>
    <command:syntax>
      <command:syntaxItem>
        <maml:name>Set-AzureADAdministrativeUnit</maml:name>
        <command:parameter required="false" variableLength="true" globbing="false" pipelineInput="False" position="named" aliases="none">
          <maml:name>Description</maml:name>
          <maml:Description>
            <maml:para>Specifica una descrizione.</maml:para>
          </maml:Description>
          <command:parameterValue required="true" variableLength="false">String</command:parameterValue>
          <dev:type>
            <maml:name>String</maml:name>
            <maml:uri/>
          </dev:type>
          <dev:defaultValue>None</dev:defaultValue>
        </command:parameter>
        <command:parameter required="false" variableLength="true" globbing="false" pipelineInput="False" position="named" aliases="none">
          <maml:name>DisplayName</maml:name>
          <maml:Description>
            <maml:para>Specifica un nome visualizzato.</maml:para>
          </maml:Description>
          <command:parameterValue required="true" variableLength="false">String</command:parameterValue>
          <dev:type>
            <maml:name>String</maml:name>
            <maml:uri/>
          </dev:type>
          <dev:defaultValue>None</dev:defaultValue>
        </command:parameter>
        <command:parameter required="false" variableLength="true" globbing="false" pipelineInput="False" position="named" aliases="infa">
          <maml:name>InformationAction</maml:name>
          <maml:Description>
            <maml:para>Specifica il modo in cui questo cmdlet risponde a un evento informativo. I valori accettabili per questo parametro sono:</maml:para>
            <maml:para>- Continue</maml:para>
            <maml:para>- Ignore</maml:para>
            <maml:para>- Inquire</maml:para>
            <maml:para>- SilentlyContinue</maml:para>
            <maml:para>- Stop</maml:para>
            <maml:para>- Suspend</maml:para>
          </maml:Description>
          <command:parameterValue required="true" variableLength="false">ActionPreference</command:parameterValue>
          <dev:type>
            <maml:name>ActionPreference</maml:name>
            <maml:uri/>
          </dev:type>
          <dev:defaultValue>None</dev:defaultValue>
        </command:parameter>
        <command:parameter required="false" variableLength="true" globbing="false" pipelineInput="False" position="named" aliases="iv">
          <maml:name>InformationVariable</maml:name>
          <maml:Description>
            <maml:para>Specifica una variabile informativa.</maml:para>
          </maml:Description>
          <command:parameterValue required="true" variableLength="false">String</command:parameterValue>
          <dev:type>
            <maml:name>String</maml:name>
            <maml:uri/>
          </dev:type>
          <dev:defaultValue>None</dev:defaultValue>
        </command:parameter>
        <command:parameter required="true" variableLength="true" globbing="false" pipelineInput="True (ByPropertyName, ByValue)" position="named" aliases="none">
          <maml:name>ObjectId</maml:name>
          <maml:Description>
            <maml:para>Specifica l'ID di un'unità amministrativa in Azure AD.</maml:para>
          </maml:Description>
          <command:parameterValue required="true" variableLength="false">String</command:parameterValue>
          <dev:type>
            <maml:name>String</maml:name>
            <maml:uri/>
          </dev:type>
          <dev:defaultValue>None</dev:defaultValue>
        </command:parameter>
      </command:syntaxItem>
    </command:syntax>
    <command:parameters>
      <command:parameter required="false" variableLength="true" globbing="false" pipelineInput="False" position="named" aliases="none">
        <maml:name>Description</maml:name>
        <maml:Description>
          <maml:para>Specifica una descrizione.</maml:para>
        </maml:Description>
        <command:parameterValue required="true" variableLength="false">String</command:parameterValue>
        <dev:type>
          <maml:name>String</maml:name>
          <maml:uri/>
        </dev:type>
        <dev:defaultValue>None</dev:defaultValue>
      </command:parameter>
      <command:parameter required="false" variableLength="true" globbing="false" pipelineInput="False" position="named" aliases="none">
        <maml:name>DisplayName</maml:name>
        <maml:Description>
          <maml:para>Specifica un nome visualizzato.</maml:para>
        </maml:Description>
        <command:parameterValue required="true" variableLength="false">String</command:parameterValue>
        <dev:type>
          <maml:name>String</maml:name>
          <maml:uri/>
        </dev:type>
        <dev:defaultValue>None</dev:defaultValue>
      </command:parameter>
      <command:parameter required="false" variableLength="true" globbing="false" pipelineInput="False" position="named" aliases="infa">
        <maml:name>InformationAction</maml:name>
        <maml:Description>
          <maml:para>Specifica il modo in cui questo cmdlet risponde a un evento informativo. I valori accettabili per questo parametro sono:</maml:para>
          <maml:para>- Continue</maml:para>
          <maml:para>- Ignore</maml:para>
          <maml:para>- Inquire</maml:para>
          <maml:para>- SilentlyContinue</maml:para>
          <maml:para>- Stop</maml:para>
          <maml:para>- Suspend</maml:para>
        </maml:Description>
        <command:parameterValue required="true" variableLength="false">ActionPreference</command:parameterValue>
        <dev:type>
          <maml:name>ActionPreference</maml:name>
          <maml:uri/>
        </dev:type>
        <dev:defaultValue>None</dev:defaultValue>
      </command:parameter>
      <command:parameter required="false" variableLength="true" globbing="false" pipelineInput="False" position="named" aliases="iv">
        <maml:name>InformationVariable</maml:name>
        <maml:Description>
          <maml:para>Specifica una variabile informativa.</maml:para>
        </maml:Description>
        <command:parameterValue required="true" variableLength="false">String</command:parameterValue>
        <dev:type>
          <maml:name>String</maml:name>
          <maml:uri/>
        </dev:type>
        <dev:defaultValue>None</dev:defaultValue>
      </command:parameter>
      <command:parameter required="true" variableLength="true" globbing="false" pipelineInput="True (ByPropertyName, ByValue)" position="named" aliases="none">
        <maml:name>ObjectId</maml:name>
        <maml:Description>
          <maml:para>Specifica l'ID di un'unità amministrativa in Azure AD.</maml:para>
        </maml:Description>
        <command:parameterValue required="true" variableLength="false">String</command:parameterValue>
        <dev:type>
          <maml:name>String</maml:name>
          <maml:uri/>
        </dev:type>
        <dev:defaultValue>None</dev:defaultValue>
      </command:parameter>
    </command:parameters>
    <command:inputTypes/>
    <command:returnValues/>
    <maml:alertSet>
      <maml:alert>
        <maml:para></maml:para>
      </maml:alert>
    </maml:alertSet>
    <command:examples/>
    <command:relatedLinks>
      <maml:navigationLink>
        <maml:linkText>Get-AzureADAdministrativeUnit</maml:linkText>
        <maml:uri></maml:uri>
      </maml:navigationLink>
      <maml:navigationLink>
        <maml:linkText>New-AzureADAdministrativeUnit</maml:linkText>
        <maml:uri></maml:uri>
      </maml:navigationLink>
      <maml:navigationLink>
        <maml:linkText>Remove-AzureADAdministrativeUnit</maml:linkText>
        <maml:uri></maml:uri>
      </maml:navigationLink>
    </command:relatedLinks>
  </command:command>
  <command:command xmlns:maml="http://schemas.microsoft.com/maml/2004/10" xmlns:command="http://schemas.microsoft.com/maml/dev/command/2004/10" xmlns:dev="http://schemas.microsoft.com/maml/dev/2004/10">
    <command:details>
        <command:name>
            Get-AzureADExternalDomainFederation
        </command:name>
        <maml:description>
            <maml:para>Consente di ottenere un externalDomainFederation dal nome di dominio esterno.</maml:para>
        </maml:description>
        <maml:copyright>
            <maml:para></maml:para>
        </maml:copyright>
        <command:verb>Get</command:verb>
        <command:noun>AzureADExternalDomainFederation</command:noun>
        <dev:version></dev:version>
    </command:details>
    <maml:description>
        <maml:para></maml:para>
    </maml:description>
    <!-- Cmdlet syntax section-->
    <command:syntax>
        <command:syntaxitem>
            <maml:name>Get-AzureADExternalDomainFederation</maml:name>
            <command:parameter required="true" variablelength="false" globbing="false" pipelineinput="true" position="named">
                <maml:name>ExternalDomainName</maml:name>
                <maml:description>
                    <maml:para>Identificatore univoco di externalDomainFederation in Azure Active Directory</maml:para>
                </maml:description>
                <command:parametervalue required="true" variablelength="false">string</command:parametervalue>
            </command:parameter>
            <command:parameter required="false" variablelength="false" globbing="false" pipelineinput="true" position="named">
                <maml:name>All</maml:name>
                <maml:description>
                    <maml:para>Valore booleano per esprimere la restituzione di tutti i risultati dal server per la query specifica</maml:para>
                </maml:description>
                <command:parametervalue required="false" variablelength="false">bool?</command:parametervalue>
            </command:parameter>
            <command:parameter required="false" variablelength="false" globbing="false" pipelineinput="true" position="named">
                <maml:name>Top</maml:name>
                <maml:description>
                    <maml:para>Numero massimo di record da restituire.</maml:para>
                </maml:description>
                <command:parametervalue required="false" variablelength="false">int?</command:parametervalue>
            </command:parameter>
            <command:parameter required="false" variablelength="false" globbing="false" pipelineinput="true" position="named">
                <maml:name>Filter</maml:name>
                <maml:description>
                    <maml:para>Istruzione del filtro oData v3.0. Controlla gli oggetti che vengono restituiti.</maml:para>
                </maml:description>
                <command:parametervalue required="false" variablelength="false">string</command:parametervalue>
            </command:parameter>
        </command:syntaxitem>
    </command:syntax>
    <!-- Cmdlet parameter section  -->
    <command:parameters>
        <command:parameter required="true" variablelength="false" globbing="false" pipelineinput="true" position="named">
            <maml:name>ExternalDomainName</maml:name>
            <maml:description>
                <maml:para>Identificatore univoco di externalDomainFederation in Azure Active Directory</maml:para>
            </maml:description>
            <command:parametervalue required="true" variablelength="false">string</command:parametervalue>
            <dev:type>
                <maml:name>string</maml:name>
                <maml:uri/>
            </dev:type>
            <dev:defaultvalue></dev:defaultvalue>
        </command:parameter>
        <command:parameter required="false" variablelength="false" globbing="false" pipelineinput="true" position="named">
            <maml:name>All</maml:name>
            <maml:description>
                <maml:para>Valore booleano per esprimere la restituzione di tutti i risultati dal server per la query specifica</maml:para>
            </maml:description>
            <command:parametervalue required="false" variablelength="false">bool?</command:parametervalue>
            <dev:type>
                <maml:name>bool?</maml:name>
                <maml:uri/>
            </dev:type>
            <dev:defaultvalue></dev:defaultvalue>
        </command:parameter>
        <command:parameter required="false" variablelength="false" globbing="false" pipelineinput="true" position="named">
            <maml:name>Top</maml:name>
            <maml:description>
                <maml:para>Numero massimo di record da restituire.</maml:para>
            </maml:description>
            <command:parametervalue required="false" variablelength="false">int?</command:parametervalue>
            <dev:type>
                <maml:name>int?</maml:name>
                <maml:uri/>
            </dev:type>
            <dev:defaultvalue></dev:defaultvalue>
        </command:parameter>
        <command:parameter required="false" variablelength="false" globbing="false" pipelineinput="true" position="named">
            <maml:name>Filter</maml:name>
            <maml:description>
                <maml:para>Istruzione del filtro oData v3.0. Controlla gli oggetti che vengono restituiti.</maml:para>
            </maml:description>
            <command:parametervalue required="false" variablelength="false">string</command:parametervalue>
            <dev:type>
                <maml:name>string</maml:name>
                <maml:uri/>
            </dev:type>
            <dev:defaultvalue></dev:defaultvalue>
        </command:parameter>
    </command:parameters>
    <command:inputtypes>
    </command:inputtypes>
    <command:returnvalues>
    </command:returnvalues>
    <!-- Error section-->
    <command:terminatingerrors/>
    <command:nonterminatingerrors/>
    <!-- Notes section  -->
    <maml:alertset>
        <maml:title></maml:title>
        <maml:alert>
            <maml:para>
            </maml:para>
        </maml:alert>
        <maml:alert>
            <maml:para></maml:para>
        </maml:alert>
    </maml:alertset>
    <!-- Example section  -->
    <command:examples>
    <command:example>
        <maml:title>Esempio 1: Ottiene un'impostazione di federazione del dominio esterno per un dominio esterno specifico.</maml:title>
        <dev:code>Get-AzureADExternalFederationDomain -ExternalDomainName "test.com" 
</dev:code>
        <dev:remarks>
          <maml:para>Questo comando ottiene un'impostazione di federazione del dominio esterno.</maml:para>
        </dev:remarks>
      </command:example>
    </command:examples>
    <!-- Link section  -->
    <maml:relatedlinks>
    </maml:relatedlinks>
</command:command>
<command:command xmlns:maml="http://schemas.microsoft.com/maml/2004/10" xmlns:command="http://schemas.microsoft.com/maml/dev/command/2004/10" xmlns:dev="http://schemas.microsoft.com/maml/dev/2004/10">
    <command:details>
        <command:name>
            New-AzureADExternalDomainFederation
        </command:name>
        <maml:description>
            <maml:para>Crea un nuovo externalDomainFederation in Azure Active Directory</maml:para>
        </maml:description>
        <maml:copyright>
            <maml:para></maml:para>
        </maml:copyright>
        <command:verb>New</command:verb>
        <command:noun>AzureADExternalDomainFederation</command:noun>
        <dev:version></dev:version>
    </command:details>
    <maml:description>
        <maml:para></maml:para>
    </maml:description>
    <!-- Cmdlet syntax section-->
    <command:syntax>
        <command:syntaxitem>
            <maml:name>New-AzureADExternalDomainFederation</maml:name>
             <command:parameter required="true" variablelength="false" globbing="false" pipelineinput="true" position="named">
                <maml:name>ExternalDomainName</maml:name>
                <maml:description>
                    <maml:para>Dominio esterno per cui si vogliono configurare le impostazioni.</maml:para>
                </maml:description>
                <command:parametervalue required="true" variablelength="false">string</command:parametervalue>
            </command:parameter>
             <command:parameter required="true" variablelength="false" globbing="false" pipelineinput="true" position="named">
                <maml:name>FederationSettings</maml:name>
                <maml:description>
                    <maml:para>Impostazioni di federazione per il dominio esterno.</maml:para>
                    <maml:para>$federationSettings = New-Object -TypeName Microsoft.Open.AzureAD.Model.DomainFederationSettings</maml:para>
                    <maml:para>È infine possibile passare questa variabile al cmdlet:</maml:para>
                    <maml:para>New-AzureADExternalDomainFederation -FederationSettings $federationSettings ...</maml:para>
                </maml:description>
                <command:parametervalue required="true" variablelength="false"></command:parametervalue>
                <dev:type>
                  <maml:name>DomainFederationSettings</maml:name>
                  <maml:uri/>
                </dev:type>
            </command:parameter>
        </command:syntaxitem>
    </command:syntax>
    <!-- Cmdlet parameter section  -->
    <command:parameters>
     <command:parameter required="true" variablelength="false" globbing="false" pipelineinput="true" position="named">
            <maml:name>ExternalDomainName</maml:name>
            <maml:description>
                <maml:para>Identificatore univoco di externalDomainFederation in Azure Active Directory</maml:para>
            </maml:description>
            <command:parametervalue required="true" variablelength="false">string</command:parametervalue>
            <dev:type>
                <maml:name>string</maml:name>
                <maml:uri/>
            </dev:type>
            <dev:defaultvalue></dev:defaultvalue>
        </command:parameter>
         <command:parameter required="true" variablelength="false" globbing="false" pipelineinput="true" position="named">
            <maml:name>FederationSettings</maml:name>
            <maml:description>
                <maml:para>Impostazioni di federazione per il dominio esterno.</maml:para>
            </maml:description>
            <command:parametervalue required="true" variablelength="false">string</command:parametervalue>
            <dev:type>
                <maml:name>DomainFederationSettings</maml:name>
                <maml:uri/>
            </dev:type>
            <dev:defaultvalue></dev:defaultvalue>
        </command:parameter>
    </command:parameters>
    <!-- Input - Output section-->
    <command:inputtypes/>
    <command:returnvalues>
    </command:returnvalues>
    <!-- Error section-->
    <command:terminatingerrors/>
    <command:nonterminatingerrors/>
    <!-- Notes section  -->
    <maml:alertset>
        <maml:title></maml:title>
        <maml:alert>
            <maml:para>
            </maml:para>
        </maml:alert>
        <maml:alert>
            <maml:para></maml:para>
        </maml:alert>
    </maml:alertset>
    <!-- Example section  -->
    <command:examples>
     <command:example>
        <maml:title>Esempio 1: Crea una nuova federazione di dominio esterno.</maml:title>
        <dev:code>$federationSettings = New-Object Microsoft.Open.AzureAD.Model.DomainFederationSettings
$federationSettings.ActiveLogOnUri="https://adfs.com/adfs/ls"
$federationSettings.IssuerUri = "http://adfs.com/adfs/services/trust"
$federationSettings.LogOffUri = $federationSettings.ActiveLogOnUri
$federationSettings.FederationBrandName = "Contoso Misa1 US"
$federationSettings.MetadataExchangeUri="http://adfs.com/FederationMetadata.xml"
$federationSettings.PassiveLogOnUri=$federationSettings.ActiveLogOnUri
$federationSettings.PreferredAuthenticationProtocol="WsFed"
$federationSettings.SigningCertificate="X509 signing public key"
New-AzureADExternalFederationDomain -ExternalDomainName "adfs.com" -FederationSettings $federationSettings
</dev:code>
        <dev:remarks>
          <maml:para>Questo comando crea nuove impostazioni di dominio per la federazione esterna.</maml:para>
        </dev:remarks>
      </command:example>
    </command:examples>
    <!-- Link section  -->
    <maml:relatedlinks>
    </maml:relatedlinks>
</command:command>
<command:command xmlns:maml="http://schemas.microsoft.com/maml/2004/10" xmlns:command="http://schemas.microsoft.com/maml/dev/command/2004/10" xmlns:dev="http://schemas.microsoft.com/maml/dev/2004/10">
    <command:details>
        <command:name>
            Remove-AzureADExternalDomainFederation
        </command:name>
        <maml:description>
            <maml:para>Consente di eliminare un externalDomainFederation in base al nome di dominio esterno.</maml:para>
        </maml:description>
        <maml:copyright>
            <maml:para></maml:para>
        </maml:copyright>
        <command:verb>Remove</command:verb>
        <command:noun>AzureADExternalDomainFederation</command:noun>
        <dev:version></dev:version>
    </command:details>
    <maml:description>
        <maml:para></maml:para>
    </maml:description>
    <!-- Cmdlet syntax section-->
    <command:syntax>
        <command:syntaxitem>
            <maml:name>Remove-AzureADExternalDomainFederation</maml:name>
            <command:parameter required="true" variablelength="false" globbing="false" pipelineinput="true" position="named">
                <maml:name>ExternalDomainName</maml:name>
                <maml:description>
                    <maml:para>Identificatore univoco di externalDomainFederation in Azure Active Directory</maml:para>
                </maml:description>
                <command:parametervalue required="true" variablelength="false">string</command:parametervalue>
            </command:parameter>
        </command:syntaxitem>
    </command:syntax>
    <!-- Cmdlet parameter section  -->
    <command:parameters>
        <command:parameter required="true" variablelength="false" globbing="false" pipelineinput="true" position="named">
            <maml:name>ExternalDomainName</maml:name>
            <maml:description>
                <maml:para>Identificatore univoco di externalDomainFederation in Azure Active Directory</maml:para>
            </maml:description>
            <command:parametervalue required="true" variablelength="false">string</command:parametervalue>
            <dev:type>
                <maml:name>string</maml:name>
                <maml:uri/>
            </dev:type>
            <dev:defaultvalue></dev:defaultvalue>
        </command:parameter>
    </command:parameters>
    <!-- Input - Output section-->
    <command:inputtypes>
    </command:inputtypes>
    <command:returnvalues>
    </command:returnvalues>
    <!-- Error section-->
    <command:terminatingerrors/>
    <command:nonterminatingerrors/>
    <!-- Notes section  -->
    <maml:alertset>
        <maml:title></maml:title>
        <maml:alert>
            <maml:para>
            </maml:para>
        </maml:alert>
        <maml:alert>
            <maml:para></maml:para>
        </maml:alert>
    </maml:alertset>
    <!-- Example section  -->
    <command:examples>
      <command:example>
        <maml:title>Esempio 1: Elimina un'impostazione di federazione del dominio esterno per un dominio esterno specifico.</maml:title>
        <dev:code>Remove-AzureADExternalFederationDomain -ExternalDomainName "test.com" 
</dev:code>
        <dev:remarks>
          <maml:para>Questo comando elimina un'impostazione di federazione del dominio esterno.</maml:para>
        </dev:remarks>
      </command:example>
    </command:examples>
    <!-- Link section  -->
    <maml:relatedlinks>
    </maml:relatedlinks>
</command:command>
</helpItems>
